POET,POET Technologies Inc.,8.04481771052822
ASTS,"AST SpaceMobile, Inc.",5.677482771642142
IONQ,"IonQ, Inc.",0.28044038502945273
LLY,Eli Lilly and Company,0.27867033622063236
HIMS,"Hims & Hers Health, Inc.",0.2562454718952558
CRDO,Credo Technology Group Holding Ltd,0.24227465890429323
MELI,"MercadoLibre, Inc.",0.22642799504861735
NVDA,NVIDIA Corporation,0.20840972425800977
BX,Blackstone Inc.,0.18562813256304372
SMCI,"Super Micro Computer, Inc.",0.18038644786626798
SNOW,Snowflake Inc.,0.17093341077622187
EQT,EQT Corporation,0.15090363209467456
RBLX,Roblox Corporation,0.13881287384950977
ISRG,"Intuitive Surgical, Inc.",0.13658518023243965
SNPS,"Synopsys, Inc.",0.1339293738961089
NOW,"ServiceNow, Inc.",0.13301179928408818
RDDT,"Reddit, Inc.",0.12655706188795546
BKNG,Booking Holdings Inc. Common Stock,0.11529705229398404
TEAM,Atlassian Corporation,0.11172328300170191
UBER,"Uber Technologies, Inc.",0.10823087326638237
INTU,Intuit Inc.,0.10779898674592991
BSX,Boston Scientific Corporation,0.10606777256967903
DDOG,"Datadog, Inc.",0.10452541822751515
ADBE,Adobe Inc.,0.10206426938832326
MA,Mastercard Incorporated,0.09753673206530698
META,"Meta Platforms, Inc.",0.09053600311408211
APP,Applovin Corporation,0.09047040889439664
V,Visa Inc.,0.08705062203214751
DASH,"DoorDash, Inc.",0.08566077376583914
MSFT,Microsoft Corporation,0.0835638087467812
PGR,Progressive Corporation (The),0.08306311164476116
WDAY,"Workday, Inc.",0.08281962684528038
HOOD,"Robinhood Markets, Inc.",0.08012617701931758
EW,Edwards Lifesciences Corporation,0.07963859046889113
PANW,"Palo Alto Networks, Inc.",0.07576961833900993
SHOP,Shopify Inc.,0.07528187075474534
TMUS,"T-Mobile US, Inc.",0.07437200575101394
BLK,"BlackRock, Inc.",0.07176904807588196
TDG,Transdigm Group Inc.,0.07129754713111007
NFLX,"Netflix, Inc.",0.07128821382760826
CRM,"Salesforce, Inc.",0.07073953542710695
SYK,Stryker Corporation,0.06807459344441505
SPGI,S&P Global Inc.,0.06750841407005637
MRSH,Marsh,0.06712701576507576
PLTR,Palantir Technologies Inc.,0.06597273599816098
APO,"Apollo Global Management, Inc. (New)",0.06389714937178291
PYPL,"PayPal Holdings, Inc.",0.059517521371584885
MCO,Moody's Corporation,0.05790716868183015
CDNS,"Cadence Design Systems, Inc.",0.056384268652766315
QCOM,QUALCOMM Incorporated,0.05512092156710071
CRWD,"CrowdStrike Holdings, Inc.",0.05057756348837071
ORCL,Oracle Corporation,0.044658963636620745
REGN,"Regeneron Pharmaceuticals, Inc.",0.04229636520282346
MDLZ,"Mondelez International, Inc.",0.04066902781107452
HCA,"HCA Healthcare, Inc.",0.03647764666716852
ELV,"Elevance Health, Inc.",0.032784297343607445
AXP,American Express Company,0.03268215544254675
ABNB,"Airbnb, Inc.",0.03145887204282918
GE,GE Aerospace,0.024734048405151383
UNH,UnitedHealth Group Incorporated,0.020190445154104106
SCHW,Charles Schwab Corporation (The),0.016658334304200183
GD,General Dynamics Corporation,0.009238591743204369
AMGN,Amgen Inc.,0.007480350186228385
TEL,TE Connectivity plc,0.0012435092281117947
